,City,Cloudiness,Humidity,Latitude,Longitute,Max Temp,Wind Speed
0,Tuktoyaktuk,20,77,-133.03,-133.03,3.2,23.04
1,Coahuayana,0,52,-100.35,-100.35,87.6,2.59
2,Cape Town,0,63,18.42,18.42,68.0,3.36
3,Port Blair,77,75,92.75,92.75,81.32,2.77
4,Fukue,20,54,136.69,136.69,57.2,19.46
5,Punta Arenas,0,52,-70.91,-70.91,46.4,12.75
6,Upernavik,13,78,-56.15,-56.15,11.17,8.99
7,Bathsheba,40,83,-59.52,-59.52,78.8,24.16
8,Moa,70,91,-74.95,-74.95,76.28,2.3
9,Albany,75,32,-73.75,-73.75,39.2,12.75
10,Bam,86,38,58.36,58.36,58.01,8.32
11,Kpandae,13,62,-0.01,-0.01,81.37,3.18
12,Luan,33,60,6.98,6.98,41.0,1.12
13,Umtata,100,87,28.78,28.78,57.2,8.05
14,Ushuaia,20,48,-68.31,-68.31,44.6,6.93
15,Lebu,20,51,38.73,38.73,60.8,10.29
16,Sinnamary,0,80,-52.96,-52.96,82.36,12.41
17,Bluff,0,18,149.07,149.07,67.46,11.16
18,Singkang,75,88,102.8,102.8,77.0,2.19
19,Barrow,0,44,-60.23,-60.23,64.06,13.91
20,Longyearbyen,75,62,15.63,15.63,24.8,27.51
21,Kletskaya,6,82,43.06,43.06,41.0,8.01
22,Hilo,1,51,-155.08,-155.08,86.0,4.7
23,Arraial do Cabo,75,78,-42.02,-42.02,78.8,6.93
24,Mataura,100,91,168.86,168.86,48.99,5.01
25,Port Alfred,99,79,26.89,26.89,66.0,8.01
26,Rikitea,100,84,-134.97,-134.97,71.92,8.25
27,Arman,100,68,150.17,150.17,24.24,20.33
28,Shirokiy,58,95,39.17,39.17,37.99,4.0
29,Ahipara,100,100,173.16,173.16,66.0,15.48
30,College,1,91,-147.8,-147.8,21.2,4.54
31,Tasiilaq,96,69,-37.64,-37.64,35.6,34.45
32,Kerouane,34,61,-12.34,-12.34,75.34,2.15
33,Pimentel,86,63,-45.5,-45.5,83.57,3.15
34,Turukhansk,100,98,87.96,87.96,-14.88,5.28
35,Kalmunai,100,82,81.82,81.82,80.53,13.0
36,Pisco,0,30,-76.2,-76.2,71.6,13.87
37,Paamiut,100,83,-49.67,-49.67,34.18,19.04
38,Tiksi,100,96,128.87,128.87,-10.23,6.24
39,Itacare,0,83,-39.0,-39.0,75.83,7.47
40,New Norfolk,20,62,147.06,147.06,54.0,4.7
41,Hobart,20,62,147.33,147.33,54.0,4.7
42,Chokurdakh,99,97,147.9,147.9,-7.32,5.7
43,Torbay,75,47,-52.73,-52.73,37.0,36.91
44,Grand Gaube,40,88,57.66,57.66,71.6,3.36
45,Doaba,0,31,70.74,70.74,55.04,5.01
46,Poum,90,87,20.71,20.71,50.0,5.32
47,Lubango,89,80,13.49,13.49,64.42,4.52
48,Fairbanks,1,91,-147.72,-147.72,21.0,3.89
49,Amalapuram,0,80,82.0,82.0,71.37,2.35
50,Yellowknife,75,63,-114.38,-114.38,-4.01,8.05
51,Juba,100,100,26.93,26.93,45.0,5.82
52,Talcahuano,100,49,-73.12,-73.12,71.6,17.22
53,Pahrump,1,8,-115.98,-115.98,77.0,3.36
54,Los Llanos de Aridane,40,64,-17.92,-17.92,69.8,25.28
55,Mersing,39,74,103.84,103.84,81.52,3.8
56,Morondava,0,36,44.28,44.28,81.5,7.14
57,Bilma,0,13,12.92,12.92,76.08,5.97
58,Ribeira Grande,20,77,-28.7,-28.7,62.6,3.36
59,Victoria,75,83,115.24,115.24,78.8,3.36
60,Atbasar,77,85,68.36,68.36,18.07,14.74
61,Kaitangata,100,92,169.85,169.85,50.0,1.01
62,Diamantino,28,64,-56.44,-56.44,84.85,4.0
63,Puerto Ayora,40,57,-90.35,-90.35,80.6,19.46
64,Aklavik,20,71,-135.01,-135.01,5.0,10.29
65,East London,100,81,27.91,27.91,66.34,17.02
66,Uyovu,82,68,31.53,31.53,70.86,0.92
67,Vaini,0,86,74.49,74.49,66.36,2.62
68,Norman Wells,20,77,-126.83,-126.83,3.2,5.82
69,Hambantota,98,81,81.12,81.12,80.53,9.15
70,Mahebourg,40,88,57.7,57.7,71.6,3.36
71,Dudinka,96,75,86.18,86.18,-14.81,11.18
72,Petropavlovskoye,20,85,142.5,142.5,24.8,4.47
73,San Cristobal,45,66,-86.92,-86.92,78.46,9.24
74,Sandnessjoen,0,62,12.63,12.63,23.0,10.29
75,Qaanaaq,0,45,-69.36,-69.36,-5.27,5.37
76,Hermanus,63,82,19.24,19.24,64.99,8.99
77,Khatanga,100,96,102.47,102.47,-1.81,14.76
78,Bambous Virieux,40,88,57.76,57.76,71.6,3.36
79,Bedele,100,95,36.35,36.35,59.59,2.84
80,Dayong,8,51,118.29,118.29,62.6,4.47
81,Marienburg,0,100,9.98,9.98,43.0,1.12
82,Victoria,75,83,115.24,115.24,78.8,3.36
83,Henderson,1,11,-114.98,-114.98,77.0,4.7
84,Ketchikan,75,93,-131.65,-131.65,51.8,19.46
85,Busselton,5,65,115.35,115.35,66.0,15.82
86,Belyy Yar,40,85,91.39,91.39,14.0,4.47
87,Nikolskoye,90,93,30.79,30.79,39.2,6.71
88,Lidkoping,100,100,13.16,13.16,37.4,8.05
89,Bonfim,59,42,-59.84,-59.84,93.78,6.49
90,Port-Gentil,90,88,8.78,8.78,77.0,3.36
91,Vilhena,64,71,-60.15,-60.15,79.05,1.95
92,Whitianga,98,87,175.7,175.7,69.01,14.0
93,Jamestown,0,83,138.6,138.6,47.52,2.8
94,Coihaique,75,45,-72.07,-72.07,64.4,8.05
95,Katima Mulilo,92,35,24.28,24.28,80.76,2.3
96,Savannah Bight,3,74,-85.85,-85.85,82.9,12.88
97,Castro,100,55,-73.76,-73.76,66.2,5.82
98,Camacha,40,68,-16.33,-16.33,66.2,17.22
99,Kahului,20,69,-156.47,-156.47,82.4,8.05
100,Tyrma,0,88,132.17,132.17,8.35,2.13
101,Carnarvon,100,29,22.13,22.13,67.35,11.45
102,Mar del Plata,9,45,-67.52,-67.52,52.36,13.42
103,Hasaki,20,87,140.83,140.83,46.4,6.93
104,Gao,0,15,-0.04,-0.04,84.49,2.35
105,Puerto Carreno,75,59,-67.49,-67.49,89.6,5.82
106,Lorengau,100,80,147.27,147.27,82.22,14.12
107,Klaksvik,100,69,-6.59,-6.59,39.2,10.29
108,Butaritari,56,65,172.79,172.79,83.75,2.39
109,Severo-Kurilsk,87,85,156.12,156.12,30.99,25.86
110,Georgetown,75,74,-58.16,-58.16,87.8,13.87
111,Port Lincoln,0,82,135.86,135.86,51.26,2.28
112,Palestina,90,64,-76.13,-76.13,73.53,3.49
113,Nome,1,25,-94.42,-94.42,68.0,3.15
114,Ust-Kuyga,71,97,135.55,135.55,-18.84,5.06
115,Avarua,23,78,-159.78,-159.78,75.2,11.41
116,Cherskiy,0,88,161.3,161.3,-1.92,0.56
117,Yazman,0,33,38.46,38.46,62.38,1.63
118,Morgan City,1,34,-91.21,-91.21,66.99,9.17
119,Bredasdorp,100,72,20.04,20.04,64.99,17.22
120,Lasa,0,52,32.53,32.53,68.0,10.29
121,Dikson,100,96,80.55,80.55,2.88,7.29
122,Yeppoon,5,29,150.74,150.74,62.6,6.11
123,Saldanha,100,87,-6.55,-6.55,43.32,11.95
124,Lethem,59,42,-59.8,-59.8,93.78,6.49
125,Leshukonskoye,97,90,45.76,45.76,13.98,5.01
126,Bouar,32,67,15.59,15.59,69.82,4.5
127,Praia,40,30,-43.81,-43.81,93.2,6.93
128,Misratah,0,57,15.09,15.09,69.62,21.47
129,Ushtobe,100,54,77.98,77.98,42.89,2.64
130,Mahibadhoo,95,74,72.97,72.97,82.35,7.81
131,Kloulklubed,100,80,134.26,134.26,83.16,16.24
132,Mackay,90,92,-115.58,-115.58,15.8,6.93
133,Luderitz,0,87,15.16,15.16,60.8,11.41
134,Kudahuvadhoo,36,78,72.89,72.89,81.95,12.8
135,Saint George,40,93,22.34,22.34,57.2,3.36
136,Kashan,0,39,51.44,51.44,50.0,3.36
137,Sibolga,100,97,98.78,98.78,71.74,0.94
138,Kapaa,90,88,-159.32,-159.32,71.6,9.17
139,Sakaiminato,75,62,133.23,133.23,55.4,6.93
140,Seda,90,93,22.09,22.09,48.2,10.29
141,Kieta,100,77,155.63,155.63,79.43,2.84
142,Savasleyka,61,83,42.32,42.32,31.62,7.2
143,Faanui,72,81,-151.75,-151.75,81.0,19.48
144,Nijar,100,67,-2.21,-2.21,59.0,3.36
145,Belen,1,24,-106.78,-106.78,66.99,2.91
146,Riyadh,100,36,46.72,46.72,77.0,5.82
147,Tuatapere,100,91,167.69,167.69,48.99,5.01
148,Erenhot,0,54,111.97,111.97,33.53,12.86
149,Ayr,20,87,147.4,147.4,66.0,8.75
150,Raudeberg,0,73,5.14,5.14,33.01,8.05
151,Ukiah,1,26,-123.21,-123.21,78.01,3.36
152,Adre,91,16,22.2,22.2,76.5,14.54
153,Launceston,75,81,147.14,147.14,53.01,11.41
154,Roald,0,68,6.12,6.12,30.2,14.99
155,Abeche,0,14,20.83,20.83,82.02,20.38
156,Naro Moru,49,92,37.02,37.02,58.05,6.85
157,Boyolangu,65,92,111.9,111.9,73.4,4.03
158,Thompson,75,65,-97.86,-97.86,6.8,11.41
159,Zhigansk,100,93,123.37,123.37,6.98,19.37
160,Chimbote,44,68,-78.59,-78.59,68.67,10.69
161,Biltine,1,14,20.93,20.93,80.74,14.99
162,Berlevag,100,74,29.09,29.09,31.59,7.49
163,San Patricio,96,70,-56.83,-56.83,82.83,9.44
164,Acapulco,5,74,-99.88,-99.88,87.8,6.93
165,Saint-Augustin,90,86,-73.98,-73.98,36.0,8.05
166,Auch,75,93,0.59,0.59,50.0,10.29
167,Pervomayskiy,70,79,40.29,40.29,37.38,9.55
168,Srinagar,0,53,74.82,74.82,33.75,2.44
169,Lata,0,45,78.62,78.62,23.79,4.05
170,Hithadhoo,65,79,73.08,73.08,81.05,8.19
171,Norrkoping,100,100,16.18,16.18,35.6,12.75
172,Flinders,0,47,150.85,150.85,61.0,13.87
173,Merida,5,84,124.54,124.54,77.58,6.08
174,Kargasok,67,90,80.87,80.87,7.41,7.49
175,Sur,26,58,59.53,59.53,72.1,3.6
176,Arlit,33,10,7.39,7.39,87.75,7.92
177,Geraldton,90,79,-86.95,-86.95,21.2,3.36
178,Yining,75,62,114.56,114.56,55.56,1.88
179,Kant,20,60,74.85,74.85,32.0,4.47
180,North Platte,1,16,-100.77,-100.77,75.2,16.11
181,Padang,81,95,100.36,100.36,67.06,1.52
182,Saskylakh,100,97,114.09,114.09,-2.08,8.12
183,Novouzensk,100,69,48.14,48.14,36.1,9.75
184,Esperance,100,26,121.89,121.89,69.8,20.8
185,Chuy,100,84,-53.46,-53.46,65.19,12.64
186,Ponta do Sol,80,88,-46.0,-46.0,69.98,8.34
187,Izberbash,90,93,47.86,47.86,51.8,8.95
188,Nehe,100,76,124.88,124.88,28.63,7.52
189,Nanortalik,100,70,-45.24,-45.24,38.26,68.25
190,Atuona,0,75,-139.03,-139.03,79.77,12.39
191,Vieux-Habitants,75,78,-61.77,-61.77,80.6,12.75
192,Esna,5,87,27.57,27.57,50.0,4.7
193,Kenitra,83,87,-6.57,-6.57,61.0,4.7
194,Cabo San Lucas,40,43,-109.91,-109.91,93.2,9.17
195,Rafai,99,96,23.92,23.92,70.3,1.77
196,Avera,1,35,-82.53,-82.53,55.99,5.82
197,Cap Malheureux,40,88,57.61,57.61,71.6,3.36
198,Fortuna,20,81,-124.16,-124.16,57.0,3.36
199,Mastic,1,55,-72.84,-72.84,41.0,5.82
200,Moroni,20,88,24.92,24.92,68.0,5.82
201,Katsuura,40,54,134.5,134.5,59.0,16.11
202,Rio Branco,40,62,-67.82,-67.82,87.8,13.87
203,Assiniboia,100,87,-105.99,-105.99,23.07,15.03
204,Noyabrsk,100,94,75.45,75.45,4.28,8.63
205,Santona,75,87,-3.46,-3.46,55.99,11.41
206,Staryy Nadym,20,99,72.68,72.68,-6.42,6.15
207,Sabha,100,32,14.43,14.43,76.66,10.58
208,Gamba,38,58,88.52,88.52,24.82,1.32
209,Popondetta,100,87,148.24,148.24,67.53,1.3
210,Mogadishu,13,74,45.34,45.34,81.84,10.2
211,Constitucion,90,33,-104.67,-104.67,75.2,6.93
212,Casper,1,18,-106.31,-106.31,64.0,24.16
213,Mount Gambier,90,93,140.78,140.78,50.0,6.93
214,Anderson,1,37,-82.65,-82.65,53.01,2.73
215,Wooster,90,47,-81.94,-81.94,39.2,14.99
216,Goderich,78,72,-81.71,-81.71,37.0,17.0
217,Gat,33,78,-16.54,-16.54,91.4,17.22
218,Lapas,20,87,-8.55,-8.55,57.2,11.41
219,Shizunai,9,75,142.37,142.37,27.7,4.29
220,Salalah,40,69,54.1,54.1,80.6,4.7
221,Yerbogachen,97,92,108.01,108.01,2.28,10.36
222,Haines Junction,0,92,-137.51,-137.51,2.59,7.4
223,Cidreira,100,86,-50.22,-50.22,71.08,23.42
224,Saint-Pierre,42,100,4.24,4.24,39.99,11.41
225,Kara-Tyube,100,80,45.44,45.44,55.92,5.28
226,Ubatuba,75,69,-45.08,-45.08,78.8,8.05
227,Airai,39,54,125.41,125.41,68.11,4.34
228,Arkhangelsk,90,92,40.54,40.54,21.2,8.95
229,Pevek,0,80,170.27,170.27,4.78,4.59
230,Elko,1,22,-115.76,-115.76,63.0,6.62
231,Broken Hill,0,66,141.45,141.45,50.0,10.29
232,Cervo,100,51,-46.24,-46.24,80.6,1.63
233,Saint-Joseph,18,87,6.97,6.97,51.8,2.24
234,Requena,100,44,-1.1,-1.1,60.8,13.87
235,Teahupoo,40,78,-149.27,-149.27,82.4,9.17
236,Asasa,85,92,39.2,39.2,51.8,4.54
237,Doctor Arroyo,100,70,-100.18,-100.18,62.65,5.19
238,Lompoc,1,33,-120.46,-120.46,89.01,9.17
239,Vila Franca do Campo,20,82,-25.43,-25.43,62.6,4.7
240,Kavieng,100,90,150.8,150.8,78.01,10.71
241,Stromness,90,64,-79.55,-79.55,39.99,20.8
242,Carmen,75,100,125.71,125.71,73.4,1.12
243,Saint-Philippe,90,66,-73.48,-73.48,37.4,9.17
244,Mlawa,75,87,20.38,20.38,50.0,8.05
245,Podlesnoye,92,78,47.61,47.61,29.32,6.82
246,Namerikawa,100,96,137.34,137.34,48.99,1.99
247,Yulara,0,25,130.99,130.99,62.6,8.05
248,Christchurch,100,63,172.64,172.64,66.2,6.93
249,Fort-Shevchenko,31,41,50.26,50.26,51.87,12.48
250,Rawson,25,80,-65.11,-65.11,51.66,21.05
251,Lavrentiya,100,97,-170.99,-170.99,34.68,6.76
252,Kruisfontein,88,75,24.73,24.73,60.82,17.38
253,Provideniya,100,99,-173.23,-173.23,33.94,3.0
254,Dwarka,0,52,77.04,77.04,79.0,3.36
255,Coquimbo,40,67,-71.34,-71.34,62.6,10.29
256,Sobolevo,100,95,31.9,31.9,48.4,11.79
257,Kajaani,90,92,27.73,27.73,26.6,9.17
258,Wakkanai,0,54,141.67,141.67,38.66,21.81
259,Narsaq,75,24,-46.05,-46.05,46.4,48.32
260,Dingle,3,86,122.67,122.67,72.95,1.61
261,Havelock,1,47,-76.9,-76.9,57.99,11.41
262,Ancud,84,55,-73.83,-73.83,66.2,5.82
263,Reconquista,89,66,-59.64,-59.64,83.05,11.81
264,Port Said,0,34,30.55,30.55,69.93,9.64
265,Plainview,1,28,-101.71,-101.71,70.0,14.99
266,Terney,0,49,136.61,136.61,21.9,5.77
267,Bethel,1,92,-161.76,-161.76,24.8,13.87
268,Grande Prairie,90,78,-118.79,-118.79,8.6,12.75
269,Sambava,79,95,50.17,50.17,72.0,0.81
270,Ikom,100,86,8.72,8.72,77.95,3.51
271,Amarante do Maranhao,98,66,-46.74,-46.74,81.12,2.73
272,Porosozero,100,99,32.71,32.71,34.38,4.7
273,Tripoli,94,93,22.37,22.37,64.0,1.12
274,Kundiawa,100,96,144.97,144.97,54.39,0.45
275,Takoradi,86,80,-1.75,-1.75,81.66,7.16
276,Bolgar,90,86,49.03,49.03,28.4,8.95
277,Imbituba,75,94,-48.67,-48.67,73.4,8.05
278,Chiang Mai,20,88,98.99,98.99,73.4,1.36
279,Glenluce,100,91,-4.81,-4.81,39.99,4.0
280,Beloha,62,89,45.06,45.06,68.49,6.22
281,Zumarraga,75,93,-2.32,-2.32,53.6,13.87
282,ChengDe,100,94,117.93,117.93,43.36,5.88
283,Sistranda,20,79,8.83,8.83,26.01,10.29
284,Miles City,1,31,-105.84,-105.84,62.01,24.16
285,Nago,0,93,10.89,10.89,48.0,4.7
286,Binzhou,33,89,117.96,117.96,54.0,1.99
287,Moussoro,40,11,16.49,16.49,87.91,7.36
288,Benghazi,59,42,20.07,20.07,74.43,15.1
289,Bintulu,75,94,113.03,113.03,73.4,1.12
290,Khorixas,67,23,14.96,14.96,73.51,9.84
291,Meulaboh,85,75,96.13,96.13,81.19,5.79
292,Te Anau,100,95,167.72,167.72,43.12,5.1
293,Punta de Bombon,93,80,-71.79,-71.79,61.75,4.83
294,Margate,20,62,147.26,147.26,54.0,4.7
295,Aksu,90,85,76.93,76.93,23.0,13.42
296,Djougou,2,52,1.67,1.67,78.37,3.62
297,Terrace Bay,90,85,-87.1,-87.1,23.0,10.29
298,Ilulissat,75,29,-51.1,-51.1,37.4,27.51
299,Kangavar,0,64,47.96,47.96,33.8,2.17
300,Bahia Blanca,66,27,-62.27,-62.27,71.08,16.87
301,Dryden,90,79,-92.84,-92.84,24.8,8.05
302,Omboue,100,96,9.26,9.26,75.51,2.73
303,Chute-aux-Outardes,90,42,-68.38,-68.38,28.0,17.22
304,Komsomolskiy,54,100,63.78,63.78,-4.76,0.98
305,Limbang,75,94,115.01,115.01,78.8,2.24
306,Matam,42,28,-13.26,-13.26,95.0,2.24
307,Trairi,4,65,-39.27,-39.27,79.32,5.99
308,Treinta y Tres,100,87,-54.39,-54.39,68.43,15.52
309,Namatanai,100,79,152.44,152.44,79.79,3.87
310,Emerald,0,17,148.16,148.16,64.4,10.29
311,Cayenne,20,74,-52.33,-52.33,86.0,10.29
312,Calvinia,96,48,19.78,19.78,62.04,8.59
313,Chunan,0,77,110.55,110.55,54.27,1.81
314,Birjand,70,27,59.22,59.22,41.0,0.4
315,Parakan,61,87,109.59,109.59,73.69,0.11
316,Xiongzhou,100,93,118.83,118.83,55.99,2.24
317,Bada,42,73,3.75,3.75,78.26,2.17
318,Vestmanna,100,75,-7.17,-7.17,39.2,10.29
319,Plymouth,20,66,-4.14,-4.14,48.99,28.86
320,Ahuimanu,75,78,-157.84,-157.84,81.0,5.82
321,Chiantla,0,58,-91.46,-91.46,64.0,7.0
322,Codrington,0,93,153.24,153.24,59.0,3.36
323,Clearwater,90,57,-82.8,-82.8,77.0,12.75
324,Vao,100,98,26.19,26.19,41.49,4.85
325,Karratha,22,53,116.85,116.85,79.86,12.08
326,Vylkove,20,89,29.58,29.58,59.49,8.37
327,Talnakh,97,75,88.39,88.39,-14.81,11.18
328,Khasan,70,82,130.64,130.64,32.23,3.02
329,Carlyle,90,86,-102.27,-102.27,26.6,19.46
330,Presidencia Roque Saenz Pena,100,53,-60.44,-60.44,86.07,7.54
331,Bubaque,1,67,-15.83,-15.83,84.54,11.43
332,Skibbereen,40,87,-9.27,-9.27,42.8,16.11
333,Inhambane,75,83,35.38,35.38,75.2,5.82
334,Aldan,100,90,125.39,125.39,14.74,9.06
335,Bontang,92,83,117.47,117.47,77.07,5.57
336,Jiangkou,0,62,117.56,117.56,50.88,4.18
337,Half Moon Bay,40,82,-122.43,-122.43,75.0,3.36
338,Les Cayes,0,72,-73.75,-73.75,83.16,9.15
339,Salinopolis,100,78,-47.36,-47.36,82.2,13.56
340,Quelimane,75,83,36.89,36.89,82.4,11.41
341,Zheleznodorozhnyy,75,93,38.0,38.0,39.2,11.18
342,Tonaya,88,43,-103.97,-103.97,81.5,5.73
343,Ndola,83,43,28.64,28.64,73.2,7.52
344,Wellington,100,77,174.78,174.78,69.01,5.82
345,Weifang,83,64,119.16,119.16,56.52,16.91
346,Pirdop,100,87,24.18,24.18,51.8,3.36
347,Kirakira,38,74,161.92,161.92,78.64,2.53
348,Kodiak,1,31,-94.76,-94.76,68.0,10.29
349,Touros,20,69,-35.46,-35.46,80.6,12.75
350,Carauari,100,92,-66.9,-66.9,79.88,2.8
351,Harper,1,49,-99.24,-99.24,71.01,3.36
352,Rocha,33,78,-54.34,-54.34,62.92,13.27
353,Kamenka,63,84,28.7,28.7,55.99,10.07
354,Balakhninskiy,100,98,114.28,114.28,22.14,3.47
355,Vila do Maio,75,69,-23.22,-23.22,77.0,17.22
356,Iseyin,18,63,3.6,3.6,80.38,2.28
357,Mehamn,18,91,27.85,27.85,17.08,7.25
358,Walvis Bay,0,72,14.51,14.51,62.6,4.7
359,Sao Joao da Barra,20,74,-41.05,-41.05,82.4,16.11
360,Peace River,90,71,-117.29,-117.29,8.6,10.29
361,Lubao,95,87,25.75,25.75,71.58,1.54
362,Atasu,100,84,71.64,71.64,35.62,11.5
363,Palembang,7,74,104.76,104.76,74.86,1.81
364,Dejen,80,75,38.15,38.15,64.13,1.03
365,Romilly-sur-Seine,100,100,3.72,3.72,39.99,11.41
366,Westport,1,41,-73.36,-73.36,41.0,8.05
367,Jumla,0,83,82.18,82.18,36.75,4.16
368,Mirnyy,100,88,36.46,36.46,41.25,8.99
369,Namibe,0,74,12.15,12.15,77.79,6.17
370,Hobyo,0,77,48.53,48.53,79.39,12.75
371,Ostrovnoy,100,94,39.51,39.51,13.87,3.91
372,Mana,0,18,5.27,5.27,83.5,7.0
373,Hami,0,34,93.51,93.51,31.78,1.07
374,Hirara,19,62,125.28,125.28,71.24,16.04
375,Bad Freienwalde,96,100,14.03,14.03,44.01,4.7
376,Seymchan,100,88,152.39,152.39,-2.42,13.0
377,Itarema,64,71,-39.92,-39.92,79.77,11.56
378,Caronport,100,83,-105.81,-105.81,21.0,11.99
379,Williams Lake,90,93,-122.14,-122.14,41.0,4.7
380,Monroe,90,35,-83.4,-83.4,41.0,12.75
381,Boden,71,85,21.69,21.69,12.2,9.17
382,Filingue,0,14,3.32,3.32,86.52,1.99
383,Clyde River,90,79,-68.59,-68.59,21.2,24.16
384,Joyabaj,75,53,-90.8,-90.8,73.4,23.04
385,Ambatofinandrahana,0,77,46.8,46.8,63.45,3.15
386,Aberdeen,90,100,-123.82,-123.82,52.0,5.82
387,Lima,75,77,-77.04,-77.04,68.0,12.75
388,Ishigaki,99,62,124.16,124.16,71.29,14.83
389,Kamaishi,68,73,141.86,141.86,40.69,4.47
390,Wairoa,100,62,177.43,177.43,71.01,11.01
391,Guerrero Negro,100,35,-114.04,-114.04,81.59,11.43
392,Klyuchevsk,0,85,60.94,60.94,10.4,4.47
393,Gisborne,91,62,178.02,178.02,71.01,11.01
394,San Andres,1,93,122.68,122.68,73.8,1.83
395,Payakumbuh,100,95,100.63,100.63,66.06,3.09
396,Saint-Leu,83,68,55.28,55.28,71.6,5.82
397,Tinskoy,100,67,96.92,96.92,15.28,12.97
398,San Quintin,59,81,120.52,120.52,74.19,3.6
399,Nantucket,1,48,-70.1,-70.1,39.99,9.17
400,Hovd,40,79,10.7,10.7,26.01,6.93
401,Potosi,41,65,-65.75,-65.75,55.94,12.95
402,Reigate,75,93,-0.21,-0.21,46.4,8.05
403,Tulle,100,93,1.77,1.77,45.0,6.93
404,Aitape,100,77,142.36,142.36,81.48,8.86
405,Kharan,3,16,65.42,65.42,59.29,3.8
406,Husavik,100,83,-96.99,-96.99,26.01,13.0
407,Road Town,40,70,-64.62,-64.62,86.0,9.17
408,Kokopo,100,81,152.27,152.27,80.37,11.39
409,Graham,1,52,-98.59,-98.59,73.4,9.17
410,Buraydah,75,57,43.97,43.97,77.0,18.34
411,Sioux Lookout,90,73,-91.92,-91.92,24.8,13.87
412,Cameta,1,28,-90.84,-90.84,59.0,3.36
413,Sao Gabriel da Cachoeira,40,55,-67.09,-67.09,91.4,5.82
414,Oyama,40,86,139.8,139.8,55.99,3.36
415,Pecos,1,67,-103.49,-103.49,66.99,2.64
416,Port Moresby,100,85,147.16,147.16,77.38,12.08
417,Port Elizabeth,1,28,-74.98,-74.98,46.0,4.7
418,Chernyshevskiy,97,95,112.47,112.47,1.31,7.18
419,Tumpat,75,88,102.17,102.17,77.0,3.36
420,Isangel,90,83,169.27,169.27,75.2,9.51
421,Dunmore Town,89,79,-76.65,-76.65,74.5,34.83
422,Beyneu,0,67,55.19,55.19,45.9,7.76
423,Kharhial,52,87,82.77,82.77,69.69,1.34
424,Kutum,16,19,24.66,24.66,72.19,10.65
425,Terra Santa,81,60,-56.49,-56.49,86.34,5.97
426,Kiunga,100,98,141.3,141.3,72.03,0.43
427,Beringovskiy,100,95,179.32,179.32,26.15,12.35
428,Bathurst,23,71,149.58,149.58,50.0,5.01
429,Zhuhai,20,69,112.04,112.04,33.8,8.95
430,Grindavik,75,86,-22.43,-22.43,39.2,9.17
431,Jiuquan,0,29,98.49,98.49,30.87,2.01
432,Along,100,84,94.8,94.8,61.59,3.42
433,Plettenberg Bay,99,79,23.37,23.37,62.15,18.05
434,Poronaysk,14,66,143.1,143.1,24.21,9.53
435,Quesnel,90,93,-122.49,-122.49,44.6,8.05
436,Punta Cardon,100,76,-70.22,-70.22,83.3,26.82
437,Keningau,75,94,116.16,116.16,73.4,4.7
438,Neftcala,0,63,49.25,49.25,64.71,5.66
439,Acajutla,0,45,-89.83,-89.83,86.0,12.75
440,La Rioja,65,49,-66.86,-66.86,75.92,11.52
441,Siguiri,99,41,-9.17,-9.17,86.95,6.55
442,Teya,75,66,-89.07,-89.07,84.99,5.82
443,Caravelas,24,81,-39.27,-39.27,73.42,10.63
444,Sao Jose da Coroa Grande,100,75,-35.15,-35.15,79.56,12.1
445,Bismarck,75,75,-100.78,-100.78,48.0,5.03
446,Sandwick,100,86,-2.89,-2.89,42.01,8.05
447,Tucumcari,1,16,-103.73,-103.73,75.2,10.29
448,Chicama,10,57,-79.15,-79.15,72.41,8.84
449,Vanavara,100,91,102.28,102.28,-3.12,9.69
450,Mayo,20,70,-135.9,-135.9,-5.81,3.36
451,Nombre de Dios,90,33,-104.24,-104.24,75.2,6.93
452,Chebsara,90,92,38.84,38.84,33.8,8.95
453,Clinton,1,44,-72.53,-72.53,39.99,8.05
454,Daru,100,91,143.21,143.21,73.72,2.57
455,Sola,66,64,33.8,33.8,71.74,6.98
456,Cardenas,75,21,-110.24,-110.24,95.0,9.17
457,Redlands,5,8,-117.19,-117.19,93.2,6.31
458,Tabou,0,85,-7.36,-7.36,77.22,3.02
459,Douentza,2,22,-2.95,-2.95,83.73,2.59
460,Faya,1,76,42.45,42.45,59.0,1.77
461,Canico,40,68,-16.85,-16.85,66.2,21.92
462,Denison,1,52,-96.54,-96.54,70.0,10.29
463,Busia,100,89,34.09,34.09,69.28,0.38
464,Kerema,100,94,145.78,145.78,73.0,2.06
465,Wanning,4,100,13.53,13.53,37.0,1.12
466,Septemvri,100,87,24.1,24.1,51.8,3.36
467,Timbo,40,84,-9.72,-9.72,78.84,4.07
468,Kheri,0,73,77.8,77.8,64.69,3.02
469,Dunedin,100,95,170.5,170.5,52.0,8.99
470,Muisne,75,66,-80.02,-80.02,87.8,8.05
471,Puerto Leguizamo,72,71,-74.78,-74.78,84.63,2.53
472,Ettaiyapuram,100,86,78.0,78.0,78.78,2.06
473,Palmer,75,66,139.16,139.16,57.0,8.05
474,Tual,100,77,132.75,132.75,81.12,1.14
475,Ntcheu,74,65,34.64,34.64,69.17,5.3
476,Winnemucca,1,13,-117.74,-117.74,64.4,3.36
477,Macabugos,1,88,123.31,123.31,78.94,10.58
478,Nuuk,40,59,-51.74,-51.74,35.6,11.41
479,Paracuru,28,62,-39.03,-39.03,86.0,9.17
480,Portland,40,40,-70.25,-70.25,37.99,11.41
481,Polis,0,52,32.42,32.42,68.0,10.29
482,Hornepayne,100,85,-84.78,-84.78,24.93,8.52
483,Purbalingga,61,87,109.36,109.36,73.69,0.11
484,Fort Nelson,75,71,-122.69,-122.69,8.6,9.17
485,Pacific Grove,1,67,-121.92,-121.92,75.99,4.7
486,Quatre Cocos,40,88,57.76,57.76,71.6,3.36
487,The Valley,20,74,-63.06,-63.06,86.0,11.41
488,Wuwei,0,20,102.64,102.64,34.25,2.33
489,Sorland,22,64,12.69,12.69,32.85,17.63
490,Cannes,18,87,7.01,7.01,51.8,2.24
491,Pangnirtung,90,62,-65.72,-65.72,24.8,3.36
492,Bud,0,68,6.91,6.91,30.2,9.17
493,Celestun,1,79,-90.4,-90.4,80.15,21.45
494,Souillac,55,87,-0.6,-0.6,48.2,8.05
495,Banjar,61,86,108.54,108.54,71.17,0.85
496,Comodoro Rivadavia,2,43,-67.48,-67.48,55.4,13.87
497,Lagoa,40,82,-8.45,-8.45,61.0,14.99
498,Intipuca,34,44,-88.05,-88.05,93.2,8.05
499,Seoul,75,47,126.98,126.98,42.8,1.12
500,Port Arthur,1,34,-93.93,-93.93,68.0,3.36
501,Evensk,100,85,159.24,159.24,25.59,24.05
502,Camalu,72,23,-116.07,-116.07,82.94,9.78
503,Healesville,90,81,145.52,145.52,54.0,13.87
504,Druzhba,47,95,33.94,33.94,46.18,12.95
505,Mandalgovi,0,63,106.27,106.27,31.26,13.67
506,Jizan,0,70,42.56,42.56,86.0,4.09
507,Doha,61,74,51.53,51.53,82.4,1.12
508,Hervey Bay,0,20,152.85,152.85,68.0,6.93
509,Oyo,0,63,3.93,3.93,79.03,2.91
510,Necochea,6,69,-58.74,-58.74,57.0,8.01
511,Adrar,0,25,-0.29,-0.29,66.2,11.41
512,Amalfi,100,91,-75.07,-75.07,70.88,3.47
513,Marawi,0,92,124.29,124.29,75.0,4.0
514,Oktyabrskiy,75,93,37.97,37.97,39.2,11.18
515,Petropavlovsk-Kamchatskiy,97,100,158.65,158.65,24.8,4.47
516,Vaitape,72,81,-151.75,-151.75,81.0,19.48
517,Dhidhdhoo,0,64,73.1,73.1,82.09,2.95
518,Akhtubinsk,0,74,46.17,46.17,45.82,13.35
519,Kautokeino,0,89,23.04,23.04,0.27,4.21
520,Enid,1,46,-97.88,-97.88,73.99,11.41
521,Edd,0,40,41.69,41.69,85.41,10.38
522,Bunbury,75,100,-2.65,-2.65,39.99,13.87
523,Shimoda,0,84,138.93,138.93,48.0,20.33
524,Jalingo,100,43,10.93,10.93,79.95,1.74
525,Abdanan,0,26,47.42,47.42,58.19,5.32
526,Vestmannaeyjar,100,90,-20.27,-20.27,41.54,10.0
